{"8": {"entry_price": 80.691873, "size": 4.0, "tp_price": 80.7160805619, "sl_price": null}, "4": {"entry_price": 1980.2, "size": 0.1, "tp_price": 1979.60594, "sl_price": null}}