{"8": {"entry_price": 78.37, "size": 10.0, "tp_price": 78.393511, "sl_price": null}, "4": {"entry_price": 1933.6000000000001, "size": 1.0, "tp_price": 1933.0199200000002, "sl_price": null}}