{"8": {"entry_price": 81.46000000000001, "size": 5.0, "tp_price": 81.48443800000001, "sl_price": null}}