{"8": {"entry_price": 80.691873, "size": 4.0, "tp_price": 80.7160805619, "sl_price": null}, "4": {"entry_price": 1932.2, "size": 0.5, "tp_price": 1931.62034, "sl_price": null}}