{"8": {"entry_price": 83.565, "size": 2.0, "tp_price": 83.4396525, "sl_price": 83.815695}, "9": {"entry_price": 82.58, "size": 2.0, "tp_price": 82.42, "sl_price": 82.74}}